date,epiweek,horizon,lower_95,pred,upper_95
2020-07-11,2020-07-03,1,165914.725884389,354132.136773726,547593.214527212
2020-07-11,2020-07-05,1,368784.0,402431.24239959,440146.0
2020-07-11,2020-07-06,1,197791.19769988948,277726.6970720005,341125.87159953953
2020-07-18,2020-07-03,2,104593.590238758,311021.842637469,653208.649786346
2020-07-18,2020-07-05,2,359542.0,416187.0,480405.0
2020-07-18,2020-07-06,2,186852.209794263,306606.186127519,371938.359051829
2020-07-18,2020-07-07,1,16857.7452567441,215628.990234375,414400.235212006
2020-07-18,2020-07-09,1,178492.809796339,387224.948097243,619628.807834573
2020-07-18,2020-07-12,1,379986.0,450976.0,519709.074373577
2020-07-18,2020-07-13,1,320233.263827059,337818.0,402801.858342627
2020-07-25,2020-07-03,3,72781.2364156726,270434.643879717,744789.315553417
2020-07-25,2020-07-05,3,355819.0,432016.0,522656.0
2020-07-25,2020-07-06,3,146133.1603938764,283970.369681233,385952.1459265315
2020-07-25,2020-07-07,2,73109.8625625619,156465.71484375,239821.567124938
2020-07-25,2020-07-09,2,117081.323114869,332766.638442384,711862.751110721
2020-07-25,2020-07-12,2,339158.0,472911.08839968,644448.347304916
2020-07-25,2020-07-13,2,293439.918917203,354881.157604058,444124.732115065
2020-07-25,2020-07-16,1,198928.34726646,433016.544216647,694493.623803764
2020-07-25,2020-07-17,1,612999.598453603,801208.648392591,1108573.2104254
2020-07-25,2020-07-19,1,420572.4525976345,516284.51230060996,589148.0
2020-07-25,2020-07-20,1,354703.0,462365.412320313,517076.43028424203
2020-08-01,2020-07-03,4,49959.6918862323,226318.719309539,771433.180800417
2020-08-01,2020-07-05,4,346431.0,448970.0,590920.63479025
2020-08-01,2020-07-06,4,112466.92517918501,250227.01821622503,382232.8568424335
2020-08-01,2020-07-07,3,119479.864402963,137746.2265625,156012.588722037
2020-08-01,2020-07-09,3,79954.7709606937,285697.702113078,788312.826884782
2020-08-01,2020-07-12,3,297330.0,492005.447699944,685682.169049586
2020-08-01,2020-07-13,3,246050.363619447,322818.0,439497.642022811
2020-08-01,2020-07-16,2,127718.849258476,368807.067836194,777412.946055375
2020-08-01,2020-07-17,2,555624.862422989,787540.627083067,1163436.2789936
2020-08-01,2020-07-19,2,348722.442866596,532464.6278185539,654396.603123207
2020-08-01,2020-07-20,2,301002.204166778,485809.9588705065,623702.0044016836
2020-08-01,2020-07-21,1,246546.380510988,383210.181446455,626383.074253438
2020-08-01,2020-07-22,1,399690.224161915,426165.949295058,458552.88668499
2020-08-01,2020-07-23,1,218774.581410704,465602.295838167,746417.072588335
2020-08-01,2020-07-24,1,423695.066447927,455344.146962325,489812.190301195
2020-08-01,2020-07-26,1,451989.188147731,513011.1248217885,586359.433658021
2020-08-01,2020-07-27,1,390056.0,425158.02,486716.125487928
2020-08-08,2020-07-07,4,131037.4799542,133693.58984375,136349.6997333
2020-08-08,2020-07-09,4,54678.3861159043,241688.778653656,807776.312658906
2020-08-08,2020-07-12,4,300464.15,498158.305995128,728068.284292727
2020-08-08,2020-07-13,4,195030.150718135,306035.08744474,409931.26621442
2020-08-08,2020-07-16,3,88868.5513697731,315698.067792012,858072.382773138
2020-08-08,2020-07-17,3,495746.211308723,755089.682212314,1183034.59553638
2020-08-08,2020-07-19,3,331191.1375,530421.4780449225,706299.3307379195
2020-08-08,2020-07-20,3,269760.8229006245,463596.0797655195,787058.315864695
2020-08-08,2020-07-21,2,118612.1292857,364691.063987956,1177726.86875173
2020-08-08,2020-07-22,2,374757.677642545,404350.651143015,441517.002909255
2020-08-08,2020-07-23,2,145039.085171198,413213.014470089,844967.095292102
2020-08-08,2020-07-24,2,397020.533943768,432978.435369096,472394.847775513
2020-08-08,2020-07-26,2,410540.425,493163.655,669579.551905462
2020-08-08,2020-07-27,2,334323.0,412680.718603252,553747.93946074
2020-08-08,2020-07-28,1,339951.82195566,368687.285135879,399191.505505055
2020-08-08,2020-07-29,1,344721.49678546,372149.9178905,404589.850686674
2020-08-08,2020-07-30,1,398565.69142246,459351.160245511,721915.936426721
2020-08-08,2020-07-31,1,412160.942006432,438013.991425993,469201.061033502
2020-08-08,2020-08-01,1,434107.012432473,455440.8189700295,477341.11369
2020-08-08,2020-08-02,1,416171.0587896515,449811.25,564670.178268238
2020-08-08,2020-08-03,1,362875.730003728,403733.0,490742.269996272
2020-08-15,2020-07-16,4,61022.3661034944,267697.243155885,916743.549782627
2020-08-15,2020-07-17,4,445492.538499899,712946.519469551,1186191.38619387
2020-08-15,2020-07-19,4,325511.975,527100.505472563,762263.6940823655
2020-08-15,2020-07-20,4,247306.3769930685,446898.6639457115,852816.7277734606
2020-08-15,2020-07-21,3,54107.0745228492,354234.128272819,2106988.82123048
2020-08-15,2020-07-22,3,341412.744418604,373284.710440271,413281.516231913
2020-08-15,2020-07-23,3,95397.790376811,377471.960672447,938003.433267925
2020-08-15,2020-07-24,3,363324.108445568,401770.453889046,444905.350712736
2020-08-15,2020-07-26,3,402310.5125,514788.155,721962.997601409
2020-08-15,2020-07-27,3,286545.0,404586.0,623369.788861298
2020-08-15,2020-07-28,2,306117.792795914,337112.391080006,370341.128097682
2020-08-15,2020-07-29,2,309968.508028842,338261.912158212,373619.502588094
2020-08-15,2020-07-30,2,354759.510878517,384856.668295165,823153.40312108
2020-08-15,2020-07-31,2,377014.365682859,404865.919483382,439690.784811212
2020-08-15,2020-08-01,2,541225.72579076,564679.0037588285,589122.9005663745
2020-08-15,2020-08-02,2,371555.015642158,419004.035201082,579325.2327275005
2020-08-15,2020-08-03,2,325323.702484411,384537.13,506154.297515589
2020-08-15,2020-08-06,1,254699.0,373085.0,640460.0
2020-08-15,2020-08-09,1,283937.8395,363402.38,485766.351784865
2020-08-15,2020-08-10,1,308971.0,375174.0,444783.0
2020-08-22,2020-07-21,4,25749.4332046121,342770.191488491,2904367.18421309
2020-08-22,2020-07-22,4,305085.907255612,337627.992328746,378430.724104105
2020-08-22,2020-07-23,4,67180.1578148827,338481.275047268,1015513.37247282
2020-08-22,2020-07-24,4,326087.857868512,365001.166901342,409612.153300625
2020-08-22,2020-07-26,4,394485.8875,507269.164798297,736029.2513450255
2020-08-22,2020-07-27,4,243847.0,397303.0,627631.560523567
2020-08-22,2020-07-28,3,274846.383001905,306438.413602514,341395.642800943
2020-08-22,2020-07-29,3,276692.043715634,304600.337574697,340889.279142459
2020-08-22,2020-07-30,3,312740.996110432,344571.364532288,873268.688380152
2020-08-22,2020-07-31,3,339938.527935002,368261.598013976,404331.570617005
2020-08-22,2020-08-01,3,1812310.563706609,1836913.2483638455,1862846.6586544944
2020-08-22,2020-08-02,3,343643.125750546,399586.6310720765,588291.591783902
2020-08-22,2020-08-03,3,293173.328072438,400484.91,515249.567345643
2020-08-22,2020-08-06,2,201189.0,392995.0,962141.0
2020-08-22,2020-08-09,2,223764.58222775848,338353.70420991,484359.2041088135
2020-08-22,2020-08-10,2,268931.0,361943.0,484360.0
2020-08-22,2020-08-13,1,197425.5381059465,356051.536527921,618082.649185598
2020-08-22,2020-08-16,1,310688.99892779405,344662.795806808,405934.62449701445
2020-08-22,2020-08-17,1,293150.980006566,328712.0,405935.0
2020-08-29,2020-07-28,4,245284.148356626,276569.028824367,311466.966364277
2020-08-29,2020-07-29,4,244540.340006967,271569.784103716,306923.635669361
2020-08-29,2020-07-30,4,274149.12648356,306456.211519785,895356.476456607
2020-08-29,2020-07-31,4,301893.421545078,329341.288421821,364411.016222533
2020-08-29,2020-08-01,4,8262246.649317059,8286920.941185777,8313153.621207556
2020-08-29,2020-08-02,4,315089.752470689,386086.071898725,581876.4952083579
2020-08-29,2020-08-03,4,263087.460007456,390954.0,521565.543191227
2020-08-29,2020-08-06,3,182200.0,409548.0,1150817.0
2020-08-29,2020-08-09,3,178190.3037936415,324113.4778900005,495097.1477641425
2020-08-29,2020-08-10,3,220181.0,340740.0,510113.0
2020-08-29,2020-08-13,2,158786.2715132841,367840.489839543,824415.013274678
2020-08-29,2020-08-16,2,273189.5,317047.74,415900.36267381103
2020-08-29,2020-08-17,2,251424.0,301011.0,415901.0
2020-08-29,2020-08-20,1,178189.324423651,305035.56129189103,500795.03820497904
2020-08-29,2020-08-23,1,248098.7975,282628.499668408,345561.068144337
2020-08-29,2020-08-24,1,237779.0,275395.0,310432.964959175
2020-09-05,2020-08-06,4,176514.0,414734.0,1202474.70525446
2020-09-05,2020-08-09,4,168030.9997737215,382182.85750000004,556740.625
2020-09-05,2020-08-10,4,186399.0,320335.0,538208.0
2020-09-05,2020-08-13,3,138177.2924039465,365095.9956089755,936609.8919726841
2020-09-05,2020-08-16,3,247092.043527256,295759.32999999996,426066.8791975385
2020-09-05,2020-08-17,3,214636.506602399,276202.0,426067.0
2020-09-05,2020-08-20,2,134102.34949722645,292422.422099509,646452.699983147
2020-09-05,2020-08-23,2,216046.6092940575,271029.810410253,367226.65
2020-09-05,2020-08-24,2,199346.0,242702.0,346516.591811921
2020-09-05,2020-08-27,1,122117.601286239,268509.010131769,421806.500726355
2020-09-05,2020-08-30,1,230130.55,278969.481684902,337332.1
2020-09-05,2020-08-31,1,223480.0,272579.094946493,316897.815442496
2020-09-12,2020-08-13,4,126356.32069944445,349127.72974503296,964451.2626890675
2020-09-12,2020-08-16,4,232530.3204366845,273374.455,416210.5499067035
2020-09-12,2020-08-17,4,182809.960013132,250446.0,416211.0
2020-09-12,2020-08-20,3,109993.70632093945,280178.832706955,731257.7882265605
2020-09-12,2020-08-23,3,192177.40534367552,271799.1245875795,366313.65
2020-09-12,2020-08-24,3,179379.92210764,213961.0,363468.726829884
2020-09-12,2020-08-27,2,78796.1573078913,220380.699762928,436574.933752841
2020-09-12,2020-08-30,2,204336.0,267282.021721496,340067.0
2020-09-12,2020-08-31,2,193173.0,267378.0,346528.0
2020-09-12,2020-09-03,1,158126.29088597652,276348.5007697755,450175.5717841815
2020-09-12,2020-09-06,1,240439.947669008,277308.8520302255,326585.17799999996
2020-09-12,2020-09-07,1,219321.0,271157.800168426,314747.275622898
2020-09-19,2020-08-20,4,97996.70931672395,265615.1285512495,752479.3931945405
2020-09-19,2020-08-23,4,176983.585826237,266683.567883014,371130.5125
2020-09-19,2020-08-24,4,154857.965965789,188548.0,357211.199917359
2020-09-19,2020-08-27,3,50171.3022973798,177332.34218784,429239.641281327
2020-09-19,2020-08-30,3,194106.0,268820.545916015,318380.0
2020-09-19,2020-08-31,3,164821.79095,251458.0,361392.0
2020-09-19,2020-09-03,2,132980.17286488233,288959.148360595,619167.358937725
2020-09-19,2020-09-06,2,211792.2125,272728.56176891446,334902.8
2020-09-19,2020-09-07,2,190241.6084,269931.821858089,328675.4099397345
2020-09-19,2020-09-10,1,93132.348606298,201641.60060262,325301.179522273
2020-09-19,2020-09-13,1,201856.753059746,245480.40744313202,296618.5
2020-09-19,2020-09-14,1,196505.0,238412.5,291737.4969249995
2020-09-26,2020-08-27,4,33381.925622317,145326.55627738,417485.768595703
2020-09-26,2020-08-30,4,186218.466,249634.933760642,322478.4
2020-09-26,2020-08-31,4,153241.0,232644.0,359334.0
2020-09-26,2020-09-03,3,118490.6468387403,289102.4708656735,704043.3009088925
2020-09-26,2020-09-06,3,196768.2818340225,266305.722179626,333712.45
2020-09-26,2020-09-07,3,153843.039125,262472.2328667395,323300.54816435603
2020-09-26,2020-09-10,2,59452.4923916724,162499.760722035,339172.286513883
2020-09-26,2020-09-13,2,177119.941,240841.5257380575,306920.0625
2020-09-26,2020-09-14,2,175828.0,237042.0,309030.96673750004
2020-09-26,2020-09-17,1,106859.376485514,219892.023488522,351377.619334899
2020-09-26,2020-09-20,1,213261.36715398752,265469.2111857635,311539.283414995
2020-09-26,2020-09-21,1,210294.0,265469.0,322901.49936250004
2020-10-03,2020-09-03,4,109198.2901569109,276476.891707699,728687.3078072874
2020-10-03,2020-09-06,4,188307.6925,263319.9281341265,336941.55
2020-10-03,2020-09-07,4,125828.7086,249304.4746203935,319735.4127693175
2020-10-03,2020-09-10,3,40631.7540424077,131521.669331356,337300.824054015
2020-10-03,2020-09-13,3,168253.43,235584.50699999998,302975.5165
2020-10-03,2020-09-14,3,156958.0,218671.5,304532.0
2020-10-03,2020-09-17,2,64761.4488923077,178523.82704016,363923.34432591
2020-10-03,2020-09-20,2,171612.9243676075,259901.45,330192.56712369004
2020-10-03,2020-09-21,2,174181.0,259901.0,352092.38726249954
2020-10-03,2020-09-24,1,164324.959321115,274534.7336987965,434593.9305903625
2020-10-03,2020-09-27,1,231174.35365479,291833.905264433,347601.44537514204
2020-10-03,2020-09-28,1,236640.0,302407.0,335480.14995
2020-10-10,2020-09-10,4,26148.7967299405,106519.687146034,319759.029754676
2020-10-10,2020-09-13,4,155327.6625,234676.24300000002,307755.865
2020-10-10,2020-09-14,4,134434.5,200027.8743136455,307812.0
2020-10-10,2020-09-17,3,44367.9565785798,144498.307297662,359898.705300262
2020-10-10,2020-09-20,3,156386.56949999998,253473.65,341320.1
2020-10-10,2020-09-21,3,150930.125,253474.0,380844.510425
2020-10-10,2020-09-24,2,169379.87643163194,321543.41652916453,596414.419110521
2020-10-10,2020-09-27,2,195781.02676396852,304700.7305,373150.0
2020-10-10,2020-09-28,2,207644.0,297307.0,344367.0
2020-10-10,2020-10-01,1,122569.604077413,259570.820435592,407943.290714968
2020-10-10,2020-10-04,1,233526.909331967,297611.7,368170.025
2020-10-10,2020-10-05,1,232163.0,277333.0,349044.418724999
2020-10-17,2020-09-17,4,30128.6355196637,116695.543415606,341882.028146188
2020-10-17,2020-09-20,4,144482.7145,249540.5,361688.7
2020-10-17,2020-09-21,4,131759.99,252862.0,369916.0
2020-10-17,2020-09-24,3,183442.3021298285,370398.2532879515,750240.0118486965
2020-10-17,2020-09-27,3,175389.152545535,311963.8802109345,403439.75
2020-10-17,2020-09-28,3,185251.0,304132.0,352855.0
2020-10-17,2020-10-01,2,77243.9362239601,210969.218189467,422349.479591044
2020-10-17,2020-10-04,2,211548.2615,300976.963,400779.599
2020-10-17,2020-10-05,2,212130.0,281459.433,361402.0
2020-10-17,2020-10-08,1,179729.654083999,315283.36249288346,503482.411949815
2020-10-17,2020-10-11,1,287112.7125,332023.15015,368325.63083432
2020-10-17,2020-10-12,1,270335.0,327190.117401805,384352.9399200785
2020-10-24,2020-09-24,4,186177.67554222365,387225.942619165,835556.5323418439
2020-10-24,2020-09-27,4,164596.0125,313374.1517320015,451391.65
2020-10-24,2020-09-28,4,161480.0,296441.0,363908.55025
2020-10-24,2020-10-01,3,48096.7335044815,169325.276644395,426255.022937716
2020-10-24,2020-10-04,3,199834.0,309372.9805,426224.3335
2020-10-24,2020-10-05,3,191593.0,271702.5305,383522.0
2020-10-24,2020-10-08,2,144357.73175858054,306309.2231675855,618225.256911868
2020-10-24,2020-10-11,2,259133.5,343117.02491106454,388847.85475
2020-10-24,2020-10-12,2,245216.432298083,322032.0219928615,397167.4509266075
2020-10-24,2020-10-15,1,225212.7931517475,380671.45783826,588790.6823596095
2020-10-24,2020-10-18,1,312942.5,393269.2095,438453.78599999996
2020-10-24,2020-10-19,1,312392.0,388452.0,431218.64
2020-10-31,2020-10-01,4,33857.0984699079,135206.112783345,411846.848180651
2020-10-31,2020-10-04,4,191078.5,314200.2545,449515.25800000003
2020-10-31,2020-10-05,4,162690.0,261929.457,379533.196825
2020-10-31,2020-10-08,3,126189.37620581825,292756.7622574055,665210.855705197
2020-10-31,2020-10-11,3,244068.323,357640.7551268315,405147.07054999995
2020-10-31,2020-10-12,3,223732.0,316357.5082396625,411011.0
2020-10-31,2020-10-15,2,186001.972974064,374813.550040405,730173.0902113426
2020-10-31,2020-10-18,2,277755.0,412143.92,469594.115
2020-10-31,2020-10-19,2,278769.0,388838.0,474807.0
2020-10-31,2020-10-22,1,243771.84678515448,412598.167345291,640042.612517976
2020-10-31,2020-10-25,1,384753.364,473008.514038848,543888.225
2020-10-31,2020-10-26,1,388545.0,472736.0,544569.0
2020-11-07,2020-10-08,4,115751.97115863625,276337.979222923,684483.9256167065
2020-11-07,2020-10-11,4,235867.495,371707.01222267153,428778.8235
2020-11-07,2020-10-12,4,198204.9810612005,308397.644509033,421381.0
2020-11-07,2020-10-15,3,162646.0862072644,361622.38332309003,781441.0614948794
2020-11-07,2020-10-18,3,256571.2831720085,431422.05057598103,510131.741
2020-11-07,2020-10-19,3,259011.0,392010.0,482665.0
2020-11-07,2020-10-22,2,196134.1040923655,400262.919007049,777517.9248582534
2020-11-07,2020-10-25,2,334851.972897442,544358.0,600424.0
2020-11-07,2020-10-26,2,364448.88858897646,508185.0,599213.0
2020-11-07,2020-10-29,1,417694.1,603362.5,791791.15
2020-11-07,2020-11-01,1,500443.835120886,567623.5759846279,689252.711127914
2020-11-07,2020-11-02,1,493193.0,569376.2774701185,703080.0
2020-11-14,2020-10-15,4,148672.2614225006,342992.408990312,794002.9196673459
2020-11-14,2020-10-18,4,241874.0,433357.20382946753,552151.8
2020-11-14,2020-10-19,4,240265.0,388452.0,498092.0
2020-11-14,2020-10-22,3,172205.35232905345,381542.7629909565,830508.6804311441
2020-11-14,2020-10-25,3,337275.25213382,591938.0,696500.0
2020-11-14,2020-10-26,3,335607.0,521623.0,645527.515
2020-11-14,2020-10-29,2,388420.775,686434.0,1059056.9375
2020-11-14,2020-11-01,2,455980.29500000004,612233.6515101756,814584.3537786055
2020-11-14,2020-11-02,2,481905.1013202255,614012.0,776257.8351030524
2020-11-14,2020-11-04,1,543908.425,788888.0,898171.9
2020-11-14,2020-11-05,1,527379.8875,747490.75,952287.4125
2020-11-14,2020-11-08,1,664028.866307182,811155.29638,1017648.5
2020-11-14,2020-11-09,1,638397.389,790658.0,941401.507611022
2020-11-21,2020-10-22,4,158206.61602748669,360124.7112779115,854085.7467403065
2020-11-21,2020-10-25,4,312209.0,605424.0,807941.0
2020-11-21,2020-10-26,4,313441.0,530635.0,700383.5232115915
2020-11-21,2020-10-29,3,361249.7125,710052.25,1246157.275
2020-11-21,2020-11-01,3,438260.071,666098.5074558,892355.123431933
2020-11-21,2020-11-02,3,475233.4958113285,665094.0,861399.7910109235
2020-11-21,2020-11-04,2,561418.6,936129.5,1159342.875
2020-11-21,2020-11-05,2,520127.975,870567.75,1261122.05
2020-11-21,2020-11-08,2,603849.0,963783.5590949999,1242464.817995
2020-11-21,2020-11-09,2,606821.0,919547.0,1206825.0
2020-11-21,2020-11-12,1,809958.0,1065230.0,1385626.0
2020-11-21,2020-11-15,1,852293.5,1126994.048051495,1360582.202273075
2020-11-21,2020-11-16,1,946528.0687816446,1168964.1436403,1360583.0
2020-11-28,2020-10-29,4,338995.375,715177.0,1388236.1
2020-11-28,2020-11-01,4,434233.46771500004,693444.0948078135,958419.706618607
2020-11-28,2020-11-02,4,453440.3,703186.0,959856.0
2020-11-28,2020-11-04,3,525844.225,1026392.5,1470632.7
2020-11-28,2020-11-05,3,491688.725,941025.0,1505626.975
2020-11-28,2020-11-08,3,614879.0,1036526.04462,1464193.1
2020-11-28,2020-11-09,3,624067.0,1008623.0,1451995.0
2020-11-28,2020-11-12,2,817228.0,1216854.0,1744730.0
2020-11-28,2020-11-15,2,827941.19298,1288222.9977026898,1844206.4361649998
2020-11-28,2020-11-16,2,927396.7,1357140.92514324,1786545.0
2020-11-28,2020-11-19,1,1057684.0125,1424769.0,1768088.5125
2020-11-28,2020-11-22,1,1031855.55449612,1273268.76,1588690.41904252
2020-11-28,2020-11-23,1,997585.0,1292124.0,1588691.0
2020-12-05,2020-11-04,4,467009.8,1061270.0,1805657.825
2020-12-05,2020-11-05,4,456169.0125,962231.5,1715473.05
2020-12-05,2020-11-08,4,611659.0,1107084.4699533,1858488.2
2020-12-05,2020-11-09,4,634267.0,1091137.0,1675995.0
2020-12-05,2020-11-12,3,760651.975,1231383.0,1811881.0
2020-12-05,2020-11-15,3,870333.0,1324394.66441958,2190233.7
2020-12-05,2020-11-16,3,876468.5,1411381.5032413201,2155766.0
2020-12-05,2020-11-19,2,991032.6375,1672809.25,2334655.6875
2020-12-05,2020-11-22,2,1052057.500074975,1375389.29,1990239.4172363
2020-12-05,2020-11-23,2,1030239.0,1434073.0,1967614.95021176
2020-12-05,2020-11-26,1,1006016.75,1240722.0,1518559.875
2020-12-05,2020-11-29,1,850277.134650337,1140043.0,1361904.03549569
2020-12-05,2020-11-30,1,918189.4125,1153335.75,1440023.19
2020-12-12,2020-11-12,4,694400.9,1139533.0,1650636.0
2020-12-12,2020-11-15,4,856991.0,1438394.08278457,2232133.46987979
2020-12-12,2020-11-16,4,803335.3625,1477188.4534779051,2281152.5949999997
2020-12-12,2020-11-19,3,921504.3875,1763072.0,2899734.9875
2020-12-12,2020-11-22,3,1106522.39889,1487445.0,2426856.71288693
2020-12-12,2020-11-23,3,1117658.0,1596827.0,2250127.0
2020-12-12,2020-11-26,2,942303.725,1256375.0,1655514.025
2020-12-12,2020-11-29,2,775508.825,1091114.0,1543191.0
2020-12-12,2020-11-30,2,835173.3125,1163266.0,1576694.0
2020-12-12,2020-12-03,1,805021.2,1089549.25,1472516.3625
2020-12-12,2020-12-06,1,1207524.6136574,1373579.0,1655512.0
2020-12-12,2020-12-07,1,1148152.0,1432372.75,1757416.68306711
2020-12-19,2020-11-19,4,847906.3625,1682388.5,3147908.175
2020-12-19,2020-11-22,4,1116840.89252,1573932.0,2539295.44356
2020-12-19,2020-11-23,4,1125973.0,1701000.0,2494000.0
2020-12-19,2020-11-26,3,837099.175,1247331.0,1834098.175
2020-12-19,2020-11-29,3,760044.9875,1124143.5,1635630.355471795
2020-12-19,2020-11-30,3,759747.0,1176441.0,1665184.9840000002
2020-12-19,2020-12-03,2,716558.5375,1099867.75,1658844.7875
2020-12-19,2020-12-06,2,1071915.0,1477683.58,2004678.6
2020-12-19,2020-12-07,2,1098529.0,1559418.22073079,2004679.0
2020-12-19,2020-12-10,1,1235698.1,1648943.25,2130353.85
2020-12-19,2020-12-13,1,1237839.0,1505026.84564857,1655573.4921038
2020-12-19,2020-12-14,1,1291201.0,1608046.444450035,1853391.018661875
2020-12-26,2020-11-26,4,733819.775,1234095.5,2062724.275
2020-12-26,2020-11-29,4,764629.275,1154718.0,1578637.98877043
2020-12-26,2020-11-30,4,682222.175,1150735.208,1768164.475
2020-12-26,2020-12-03,3,653800.65,1089413.0,1761145.5125
2020-12-26,2020-12-06,3,1041725.97277629,1532239.0,2292932.1407649
2020-12-26,2020-12-07,3,1048349.0,1615927.20653629,2253964.0
2020-12-26,2020-12-10,2,1188403.8375,1807792.25,2592645.8625
2020-12-26,2020-12-13,2,1246064.35151,1579947.0,1866850.02274313
2020-12-26,2020-12-14,2,1260664.0,1781860.07622058,2137039.958535745
2020-12-26,2020-12-17,1,1136277.2,1479230.75,1919196.5
2020-12-26,2020-12-20,1,1345040.6286895,1524541.0,1713915.0
2020-12-26,2020-12-21,1,1291496.78626796,1572187.09066677,1725179.6175000002
2021-01-02,2020-12-03,4,606072.9375,1056850.0,1802973.7625
2021-01-02,2020-12-06,4,979748.0,1599730.0,2330470.18914261
2021-01-02,2020-12-07,4,1006630.0,1599730.0,2320265.0
2021-01-02,2020-12-10,3,1106260.7,1803261.25,2824852.7375
2021-01-02,2020-12-13,3,1297047.59216,1619756.0,2154311.376007185
2021-01-02,2020-12-14,3,1297455.456091565,1879126.8573733899,2268145.0
2021-01-02,2020-12-17,2,1051242.1625,1530632.25,2139855.8625
2021-01-02,2020-12-20,2,1236733.73903108,1544245.0,1905106.26096892
2021-01-02,2020-12-21,2,1244181.0,1640064.0270744949,2005007.7982037
2021-01-02,2020-12-24,1,1037440.2875,1357766.25,1778550.075
2021-01-02,2020-12-27,1,1140764.328945955,1422253.5,1574088.6
2021-01-02,2020-12-28,1,1139677.6193415849,1418752.0,1713431.91140546
2021-01-09,2020-12-10,4,1004988.7375,1701425.0,2827352.2875
2021-01-09,2020-12-13,4,1210962.23219,1602301.5,2108649.9625061247
2021-01-09,2020-12-14,4,1265396.562497,2045256.16466744,2505126.8
2021-01-09,2020-12-17,3,975278.875,1553965.0,2253024.6
2021-01-09,2020-12-20,3,1133492.07261939,1533937.5,1959001.884207715
2021-01-09,2020-12-21,3,1239255.0,1706719.94491096,1919196.0
2021-01-09,2020-12-24,2,902007.95,1337475.5,2013453.6875
2021-01-09,2020-12-27,2,902550.7755948985,1381681.3538800501,1717995.5
2021-01-09,2020-12-28,2,1016658.249999995,1357539.0,1761593.0145
2021-01-09,2021-01-03,1,1262174.11427323,1411637.24380709,1684084.119338625
2021-01-09,2021-01-04,1,1192907.098,1423488.0,1781269.4314581351
2021-01-16,2020-12-17,4,885909.5125,1537375.0,2289383.2375
2021-01-16,2020-12-20,4,1085989.7138527916,1516327.0,1903804.944624745
2021-01-16,2020-12-21,4,1214488.0,1682465.7489429,1950133.0
2021-01-16,2020-12-24,3,799646.65,1319243.5,2277913.9125
2021-01-16,2020-12-27,3,841049.2179457089,1343324.0,1821885.0
2021-01-16,2020-12-28,3,874162.655995179,1341243.6230000001,1829870.0
2021-01-16,2021-01-03,2,1131510.0,1431991.01050573,1809220.23693211
2021-01-16,2021-01-04,2,1098772.0,1434943.0,1857196.00407556
2021-01-16,2021-01-06,1,819213.5,1261340.0,1860429.675
2021-01-16,2021-01-10,1,1543513.0,1633646.0796750002,1874168.75
2021-01-16,2021-01-11,1,1424093.30268939,1700701.0,2020266.47439631
2021-01-23,2020-12-24,4,725680.7,1274972.0,2407292.3625
2021-01-23,2020-12-27,4,838556.468007947,1288594.0,1972014.0
2021-01-23,2020-12-28,4,804662.8894625176,1300585.0,1972014.0
2021-01-23,2021-01-03,3,1054443.49545,1410010.0,1860856.39492386
2021-01-23,2021-01-04,3,943393.9275,1409354.001543585,1887614.84602853
2021-01-23,2021-01-06,2,753950.175,1268033.0,2004487.375
2021-01-23,2021-01-10,2,1412646.7406257251,1642700.75,1955794.25
2021-01-23,2021-01-11,2,1374456.47114775,1711680.816,2097685.74040946
2021-01-23,2021-01-14,1,1069125.45,1617143.0,2306966.3
2021-01-23,2021-01-17,1,1295240.0699999998,1586411.70938,1833655.5
2021-01-23,2021-01-18,1,1232932.96018284,1590113.0,1888869.82162392
2021-01-30,2021-01-03,4,1006962.56612,1383662.0,1803650.70712
2021-01-30,2021-01-04,4,830588.319,1411458.37063295,1863649.3750724099
2021-01-30,2021-01-06,3,697336.85,1274423.0,2187933.05
2021-01-30,2021-01-10,3,1350827.0,1670553.0,2030611.4
2021-01-30,2021-01-11,3,1359264.0,1783610.35979128,2221206.0
2021-01-30,2021-01-14,2,1072388.825,1719494.5,2525838.4
2021-01-30,2021-01-17,2,1198870.00765,1567438.3392886,1915064.062625
2021-01-30,2021-01-18,2,1062378.218388475,1544051.339931,1985798.541219855
2021-01-30,2021-01-21,1,814525.05,1255258.5,1840187.575
2021-01-30,2021-01-24,1,1001467.2957649999,1199749.89548859,1399416.09682553
2021-01-30,2021-01-25,1,892469.7499999604,1226752.0,1444698.85914414
2021-02-06,2021-01-06,4,656589.275,1276370.0,2440865.775
2021-02-06,2021-01-10,4,1331363.0,1700132.0,2068590.7
2021-02-06,2021-01-11,4,1307118.0,1785780.13315358,2401056.24638242
2021-02-06,2021-01-14,3,1017471.4,1823201.0,2794272.45
2021-02-06,2021-01-17,3,1187211.33641,1519254.79707,1932639.7
2021-02-06,2021-01-18,3,1025122.986031928,1568499.1970000002,1996921.8
2021-02-06,2021-01-21,2,745006.075,1237288.5,1914675.375
2021-02-06,2021-01-24,2,954315.4468050001,1175936.1871540048,1466866.73099
2021-02-06,2021-01-25,2,759748.8401468555,1194020.0,1623297.1395874051
2021-02-06,2021-01-28,1,464824.85,757278.5,1199003.5
2021-02-06,2021-01-31,1,797283.84023,998827.0,1146420.4817058
2021-02-06,2021-02-01,1,685526.900700849,988044.826086765,1324264.89968523
2021-02-13,2021-01-14,4,917945.125,1917312.5,3114629.3
2021-02-13,2021-01-17,4,1126251.0,1465717.24993,1950435.0
2021-02-13,2021-01-18,4,978318.01708302,1549747.0,2068945.095
2021-02-13,2021-01-21,3,675234.8,1222930.0,2084485.775
2021-02-13,2021-01-24,3,854593.775031937,1137316.5,1472151.0
2021-02-13,2021-01-25,3,632516.111542166,1147811.0,1618901.2875
2021-02-13,2021-01-28,2,363999.675,708961.5,1340901.675
2021-02-13,2021-01-31,2,727546.0,942295.0,1090889.52863078
2021-02-13,2021-02-01,2,529821.83554222,939272.0,1314768.0
2021-02-13,2021-02-04,1,458000.525,654526.5,914034.35
2021-02-13,2021-02-07,1,661278.6892735551,755795.1796985259,901322.0716449909
2021-02-13,2021-02-08,1,583971.843056803,776365.286863134,1006235.0
2021-02-20,2021-01-21,4,607242.325,1217164.5,2325627.5
2021-02-20,2021-01-24,4,781940.751016575,1052262.5,1413376.2
2021-02-20,2021-01-25,4,579904.5235559635,1053364.0,1581450.5
2021-02-20,2021-01-28,3,308077.4,735049.5,1507129.15
2021-02-20,2021-01-31,3,691566.31319,884752.59515,1050212.74717227
2021-02-20,2021-02-01,3,393471.861801711,844540.0,1254341.9650846
2021-02-20,2021-02-04,2,383814.175,616816.5,958733.124999999
2021-02-20,2021-02-07,2,537723.6148797885,671381.0,845115.9560182076
2021-02-20,2021-02-08,2,501465.0,668787.0,997413.222157731
2021-02-20,2021-02-11,1,308970.525,449135.0,634357.65
2021-02-20,2021-02-14,1,453596.5,582903.0,722788.0
2021-02-20,2021-02-15,1,433876.6209204225,570597.8045303315,749356.5
2021-02-27,2021-01-28,4,299039.85,781725.5,1721027.7
2021-02-27,2021-01-31,4,637916.54076,816907.43606,1062107.0
2021-02-27,2021-02-01,4,439788.0,743228.082157557,1108779.11531419
2021-02-27,2021-02-04,3,345178.925,656928.5,1160655.15
2021-02-27,2021-02-07,3,474874.0984,587381.0,797790.334766948
2021-02-27,2021-02-08,3,423173.817519234,579998.0,899811.143682062
2021-02-27,2021-02-11,2,241351.275,393418.0,658867.049999999
2021-02-27,2021-02-14,2,367787.0,500879.0,674325.6615
2021-02-27,2021-02-15,2,302744.777086847,485489.3238619905,689074.0
2021-02-27,2021-02-18,1,191301.675,292749.5,446996.65
2021-02-27,2021-02-21,1,402143.42,451532.0,536625.28009
2021-02-27,2021-02-22,1,320787.469102735,435978.0540052615,607123.1098289695
2021-03-06,2021-02-04,4,345724.525,746673.0,1416641.225
2021-03-06,2021-02-07,4,381905.6188,557342.218450174,804485.082101177
2021-03-06,2021-02-08,4,355294.0,557477.0,869285.0
2021-03-06,2021-02-11,3,202895.35,402477.0,798304.874999999
2021-03-06,2021-02-14,3,288152.0,452968.0,620414.453240375
2021-03-06,2021-02-15,3,222770.7747824645,423790.79260580754,624492.0
2021-03-06,2021-02-18,2,131049.85,231885.5,481650.75
2021-03-06,2021-02-21,2,323215.875934495,379813.330479592,475443.0
2021-03-06,2021-02-22,2,225439.600691866,371011.7825847365,626732.8282508055
2021-03-06,2021-02-25,1,159805.85,275781.0,443255.525
2021-03-06,2021-02-28,1,323521.2769459025,436899.315071529,517117.159855
2021-03-06,2021-03-01,1,303611.428712056,419047.6397798155,564652.9150608475
2021-03-13,2021-02-11,4,198225.7,461307.0,999381.725
2021-03-13,2021-02-14,4,253554.0,426389.0,698691.0
2021-03-13,2021-02-15,4,173774.687248556,346656.9629110395,698691.0
2021-03-13,2021-02-18,3,99785.5,220013.5,583346.05
2021-03-13,2021-02-21,3,242122.8901731865,343808.488051812,505210.5
2021-03-13,2021-02-22,3,168808.7069132875,319285.0,675278.341668075
2021-03-13,2021-02-25,2,127202.425,256134.5,488419.8
2021-03-13,2021-02-28,2,297068.75153003,400605.3225792205,505253.16284999996
2021-03-13,2021-03-01,2,241513.771030422,377877.0,621895.0584650805
2021-03-13,2021-03-04,1,235586.575,349979.0,496446.125
2021-03-13,2021-03-07,1,295562.0064064025,383728.53608,497250.75
2021-03-13,2021-03-08,1,248947.803876024,375577.64793042897,516219.8441927025
2021-03-20,2021-02-18,4,91460.975,258354.5,714850.524999999
2021-03-20,2021-02-21,4,198736.03366172302,309828.0902457165,518660.5
2021-03-20,2021-02-22,4,125135.625545372,277366.0,769186.7432582534
2021-03-20,2021-02-25,3,113923.1,285352.0,612272.9
2021-03-20,2021-02-28,3,241060.637351287,357643.0,524919.0
2021-03-20,2021-03-01,3,196005.629641052,338121.45,651096.465808694
2021-03-20,2021-03-04,2,221330.45,378347.5,564085.225
2021-03-20,2021-03-07,2,275812.98162803653,349727.25,504199.15
2021-03-20,2021-03-08,2,205023.0419440445,344190.0,545968.3117216639
2021-03-20,2021-03-11,1,173931.0,269348.5,401364.175
2021-03-20,2021-03-14,1,269025.76086,357087.546561757,442574.43012
2021-03-20,2021-03-15,1,226941.567,344226.48802865,444369.0
2021-03-27,2021-02-25,4,121206.95,332729.0,751828.7
2021-03-27,2021-02-28,4,226304.756171794,339497.5,517837.0
2021-03-27,2021-03-01,4,156640.276445404,302981.097843871,570751.615092741
2021-03-27,2021-03-04,3,208590.85,425061.0,704621.575
2021-03-27,2021-03-07,3,220610.517750571,324491.0,531028.4
2021-03-27,2021-03-08,3,163904.90532471,319703.0,585446.4714637605
2021-03-27,2021-03-11,2,151262.0,260417.0,436982.525
2021-03-27,2021-03-14,2,240004.9945,331841.5,460204.5
2021-03-27,2021-03-15,2,180313.689544674,306839.0,460205.0
2021-03-27,2021-03-18,1,139508.19,246258.45,427731.28
2021-03-27,2021-03-20,1,138629.94,249956.89,439875.69
2021-03-27,2021-03-21,1,289811.12313,368102.0,452770.38390884
2021-03-27,2021-03-22,1,255496.34,365195.7452566965,453114.75
2021-04-03,2021-03-04,4,200690.55,477588.5,839910.4
2021-04-03,2021-03-07,4,190721.5,305941.0,525372.8502
2021-04-03,2021-03-08,4,129768.9940707255,316967.543353989,648796.908985176
2021-04-03,2021-03-11,3,136550.8,276131.0,517473.05
2021-04-03,2021-03-14,3,203825.4321961135,305434.25,494411.5774410765
2021-04-03,2021-03-15,3,149587.745759718,295454.0,511576.807555789
2021-04-03,2021-03-18,2,90162.211,161517.48,286883.81
2021-04-03,2021-03-20,2,87117.359,161999.25,296677.78
2021-04-03,2021-03-21,2,280422.6183,361480.0593,472852.3594
2021-04-03,2021-03-22,2,215417.484660762,345475.119966237,504880.0
2021-04-03,2021-03-28,1,339041.3,423965.4404968845,541045.254971417
2021-04-03,2021-03-29,1,286522.268,418783.0,552362.0
2021-04-10,2021-03-11,4,134144.4,302447.0,616970.725
2021-04-10,2021-03-14,4,187540.1752004595,298453.75,505381.3044379655
2021-04-10,2021-03-15,4,119839.205992149,272367.0,519162.911074685
2021-04-10,2021-03-18,3,59504.422,121314.95,241546.98
2021-04-10,2021-03-20,3,56456.355,119396.21,244903.81
2021-04-10,2021-03-21,3,237414.6189037165,333705.452485,500811.4837
2021-04-10,2021-03-22,3,182752.075,319939.95999999996,531358.0
2021-04-10,2021-03-28,2,342981.5,442186.917497258,599310.8053047265
2021-04-10,2021-03-29,2,275659.760455459,435368.0,601176.0
2021-04-10,2021-04-01,1,319873.975,483715.5,686037.75
2021-04-10,2021-04-04,1,388566.455086485,460270.09,519028.1878
2021-04-10,2021-04-05,1,302622.81,446309.0,584437.0
2021-04-17,2021-03-18,4,34240.617,88407.688,223312.86
2021-04-17,2021-03-20,4,33788.523,87694.102,222527.33
2021-04-17,2021-03-21,4,209594.570111804,307430.75487,507925.9986
2021-04-17,2021-03-22,4,160203.5779824005,306827.0,583936.9375917255
2021-04-17,2021-03-28,3,342521.00161664304,451862.909921848,622597.3859999999
2021-04-17,2021-03-29,3,248882.0,433732.0,687718.0
2021-04-17,2021-04-01,2,298947.25,522252.5,814996.175
2021-04-17,2021-04-04,2,384214.0,481824.0,633998.2291
2021-04-17,2021-04-05,2,270785.1,448834.543,668666.0
2021-04-17,2021-04-08,1,250858.175,404245.0,601071.225
2021-04-17,2021-04-11,1,382976.58037415,483748.197611162,620809.186731661
2021-04-17,2021-04-12,1,327863.0,483748.0,625538.97
2021-04-24,2021-03-28,4,319132.0,457711.7090845995,634092.076831515
2021-04-24,2021-03-29,4,221467.01946633,437147.0,740818.78735422
2021-04-24,2021-04-01,3,267004.475,539114.0,945131.3
2021-04-24,2021-04-04,3,359438.450235,500741.921875,722808.373037762
2021-04-24,2021-04-05,3,241538.0,450592.0,745922.0
2021-04-24,2021-04-08,2,246618.225,427887.0,663319.675
2021-04-24,2021-04-11,2,337198.41101,526413.923996648,749287.556116046
2021-04-24,2021-04-12,2,292842.5,494138.14169023803,717256.2125
2021-04-24,2021-04-15,1,273853.225,437009.0,652644.25
2021-04-24,2021-04-18,1,396143.50908724347,497280.826653041,616798.9771791995
2021-04-24,2021-04-19,1,349520.0625,478281.9895781675,617095.6599999999
2021-05-01,2021-04-01,4,234620.05,545532.5,1045564.9
2021-05-01,2021-04-04,4,333347.53495,478845.3125,754236.5127933235
2021-05-01,2021-04-05,4,219468.0,445581.0,757834.0
2021-05-01,2021-04-08,3,225847.65,449820.0,753208.2
2021-05-01,2021-04-11,3,323376.57254,558405.033371614,847981.5
2021-05-01,2021-04-12,3,274492.1625,502720.0,847982.0
2021-05-01,2021-04-15,2,254914.325,432867.5,694737.199999999
2021-05-01,2021-04-18,2,362846.53994627553,504604.9279811665,732817.5568650521
2021-05-01,2021-04-19,2,310188.65,480859.9092095105,674647.6718670295
2021-05-01,2021-04-22,1,180092.725,315544.5,516229.3
2021-05-01,2021-04-25,1,314365.8188033039,393477.3570870765,501534.65
2021-05-01,2021-04-26,1,287374.79581301904,402820.95499999996,542340.72
2021-05-08,2021-04-08,4,202150.9,468761.5,864036.075
2021-05-08,2021-04-11,4,280573.3,592476.168448001,810118.5
2021-05-08,2021-04-12,4,244683.325,504601.0,850450.93100393
2021-05-08,2021-04-15,3,222869.35,412558.5,749864.025
2021-05-08,2021-04-18,3,318215.4,505945.0,858173.9
2021-05-08,2021-04-19,3,264478.953,479043.0,680827.525
2021-05-08,2021-04-22,2,156382.325,307637.0,548211.3
2021-05-08,2021-04-25,2,272751.516425348,352965.1932604436,484430.7636032788
2021-05-08,2021-04-26,2,249330.445,369531.3364473257,545496.0
2021-05-08,2021-04-29,1,118392.525,235875.0,436225.575
2021-05-08,2021-05-02,1,227575.5,326667.64941973204,435423.63410772383
2021-05-08,2021-05-03,1,227575.0,325690.078,436658.0
2021-05-15,2021-04-15,4,188850.35,385490.5,822531.75
2021-05-15,2021-04-18,4,287642.14578,497961.123226139,908987.1
2021-05-15,2021-04-19,4,244066.282238213,477196.5135,723900.0
2021-05-15,2021-04-22,3,143513.625,312463.0,610026.9
2021-05-15,2021-04-25,3,215924.38258,338696.0,473751.5
2021-05-15,2021-04-26,3,219776.51086528582,364202.31249832275,553178.9152400314
2021-05-15,2021-04-29,2,92997.9,226913.5,474206.825
2021-05-15,2021-05-02,2,177509.31384,290060.08826741285,391194.32057955576
2021-05-15,2021-05-03,2,177509.0,294792.0,450871.0
2021-05-15,2021-05-06,1,118225.175,210976.5,345487.4
2021-05-15,2021-05-09,1,190262.5,273323.0,331556.16444831196
2021-05-15,2021-05-10,1,190262.0,274107.0,381986.64
2021-05-22,2021-04-22,4,141279.875,318859.0,683957.1
2021-05-22,2021-04-25,4,158320.47303,320739.0,455041.0
2021-05-22,2021-04-26,4,170704.50000000012,340205.0,600779.0
2021-05-22,2021-04-29,3,78482.9,234170.5,539879.749999999
2021-05-22,2021-05-02,3,151721.07358627967,267149.96147324797,393795.07044499996
2021-05-22,2021-05-03,3,140162.0,267439.0,460576.0
2021-05-22,2021-05-06,2,95178.05,193392.0,352148.225
2021-05-22,2021-05-09,2,139306.01529,238327.6958,336758.6766248032
2021-05-22,2021-05-10,2,139306.0,239836.0,371628.0
2021-05-22,2021-05-13,1,73391.7,148458.5,259851.225
2021-05-22,2021-05-16,1,151530.0,202488.9977867994,256902.815303554
2021-05-22,2021-05-17,1,137123.0,207109.0,265431.0
2021-05-29,2021-04-29,4,76537.375,241014.0,623738.8
2021-05-29,2021-05-02,4,138426.4,246124.44837861508,371613.646435
2021-05-29,2021-05-03,4,114157.0,249531.0,472678.0
2021-05-29,2021-05-06,3,82785.05,193229.0,397705.7
2021-05-29,2021-05-09,3,112714.829885,209910.01789402298,318172.9230408479
2021-05-29,2021-05-10,3,107499.0,211586.0,364322.0
2021-05-29,2021-05-13,2,57533.85,132685.5,269059.175
2021-05-29,2021-05-16,2,96489.07974,165746.07,233662.06264
2021-05-29,2021-05-17,2,96489.0,171637.0,257638.0
2021-05-29,2021-05-20,1,57250.15,115751.0,210235.625
2021-05-29,2021-05-23,1,122933.15,154341.25,183410.4600812345
2021-05-29,2021-05-24,1,94626.0,159270.01423492425,220900.0
2021-06-05,2021-05-06,4,78223.925,200561.0,462869.475
2021-06-05,2021-05-09,4,89244.33593570019,177694.2674215415,305813.5679419795
2021-06-05,2021-05-10,4,83780.0,198891.0188977752,405856.0
2021-06-05,2021-05-13,3,51017.925,140652.0,318908.85
2021-06-05,2021-05-16,3,76780.10941513978,138413.53204551685,208809.060115
2021-06-05,2021-05-17,3,73457.0,145720.0,264178.105
2021-06-05,2021-05-20,2,40129.925,95459.0,205101.899999999
2021-06-05,2021-05-23,2,84128.10501811162,123492.53,157866.47841500002
2021-06-05,2021-05-24,2,65501.262,142072.8071352552,243737.0
2021-06-05,2021-05-27,1,40984.025,90774.5,170049.6
2021-06-05,2021-05-30,1,91778.1,124538.38320537376,164968.04415694112
2021-06-05,2021-05-31,1,68652.8010023507,125677.0,169653.548
2021-06-12,2021-05-13,4,53078.725,162003.5,388823.4
2021-06-12,2021-05-16,4,65187.11688556871,121772.50635499999,193957.650335
2021-06-12,2021-05-17,4,60472.0,126746.0,270217.4356319761
2021-06-12,2021-05-20,3,31635.05,91523.0,233577.925
2021-06-12,2021-05-23,3,71311.0,98779.0,149180.5
2021-06-12,2021-05-24,3,53928.0,124739.0,239369.55628363736
2021-06-12,2021-05-27,2,29598.825,76648.5,166781.65
2021-06-12,2021-05-30,2,68691.25,101258.975,146763.43260949713
2021-06-12,2021-05-31,2,48911.25514247342,105586.0,174442.83738281252
2021-06-12,2021-06-03,1,17666.775,59405.5,143078.875
2021-06-12,2021-06-06,1,66481.38003124885,86670.13905353902,116801.65375624399
2021-06-12,2021-06-07,1,54076.0,92163.0,134655.0
2021-06-19,2021-05-20,4,29024.675,98048.5,271124.55
2021-06-19,2021-05-23,4,52447.1,92879.0,144056.0
2021-06-19,2021-05-24,4,37592.0,104661.21399017752,250355.88928448196
2021-06-19,2021-05-27,3,24489.45,77781.0,192534.55
2021-06-19,2021-05-30,3,48522.1,85065.46815725732,132913.28938170802
2021-06-19,2021-05-31,3,35031.605885503246,87600.0,180272.8695
2021-06-19,2021-06-03,2,11369.825,50821.5,141341.9
2021-06-19,2021-06-06,2,43489.695918497004,71081.69774964273,107352.09665099923
2021-06-19,2021-06-07,2,38867.4557,73161.0,130652.0
2021-06-19,2021-06-13,1,57415.19515,86352.8491658419,107354.295341863
2021-06-19,2021-06-14,1,50031.105,85810.49699999999,130226.0
2021-06-26,2021-05-27,4,24168.8,87564.5,235769.875
2021-06-26,2021-05-30,4,34208.1,79614.0,126513.564410207
2021-06-26,2021-05-31,4,19851.864216604146,72926.9163560423,163057.88605231067
2021-06-26,2021-06-03,3,8525.75,52267.5,165070.675
2021-06-26,2021-06-06,3,35211.55282677543,61456.0,101406.500604768
2021-06-26,2021-06-07,3,23670.097157224787,61536.0,136367.0
2021-06-26,2021-06-13,2,48140.0,67598.0,106429.87681
2021-06-26,2021-06-14,2,32340.596875,72795.0,138905.06484375006
2021-06-26,2021-06-20,1,55359.721143444,70512.69588,94454.80597
2021-06-26,2021-06-21,1,41167.027,72989.70762940991,116890.0
2021-07-03,2021-06-03,4,8477.5,59493.0,197266.9
2021-07-03,2021-06-06,4,30858.86319069913,51502.0,102714.308973871
2021-07-03,2021-06-07,4,17842.0,50464.0,131164.0
2021-07-03,2021-06-13,3,45803.8,64903.0,98834.0
2021-07-03,2021-06-14,3,22222.747,62863.0,148746.017
2021-07-03,2021-06-20,2,49682.0,62101.23756,96073.1
2021-07-03,2021-06-21,2,29188.440100000003,64614.9970086111,116231.0
2021-07-03,2021-06-27,1,54111.446938521345,73145.64766299319,101882.58679748165
2021-07-03,2021-06-28,1,42457.13,72702.0,113598.0
2021-07-10,2021-06-13,4,38992.3,57854.0,98834.0
2021-07-10,2021-06-14,4,17878.211,56334.859,159293.4441114997
2021-07-10,2021-06-20,3,40955.5,60999.5,95884.06154811273
2021-07-10,2021-06-21,3,17430.0,55763.03050782364,122366.0
2021-07-10,2021-06-27,2,47314.26635701393,70266.0,102787.53158701892
2021-07-10,2021-06-28,2,21236.268,68182.0,135738.204
2021-07-10,2021-07-04,1,61038.726260083,89783.5,134186.3144
2021-07-10,2021-07-05,1,50217.20487445644,85193.39207116328,132234.0
2021-07-17,2021-06-20,4,35309.75,58778.5,91716.85645451449
2021-07-17,2021-06-21,4,13322.0,54529.6520386443,158992.0
2021-07-17,2021-06-27,3,41903.47569,65039.0,103075.805741734
2021-07-17,2021-06-28,3,9783.8,64886.0,154096.06468496504
2021-07-17,2021-07-04,2,61248.463189999995,94528.63815820843,145931.89366960738
2021-07-17,2021-07-05,2,36210.20874396247,78971.5,155477.77763150993
2021-07-17,2021-07-11,1,97047.9643546681,134404.0,192843.13559725755
2021-07-17,2021-07-12,1,66214.0,130990.0,197159.0
2021-07-24,2021-06-27,4,35299.38538,64877.0,101381.81720125247
2021-07-24,2021-06-28,4,10278.73,65410.0,165379.78
2021-07-24,2021-07-04,3,61124.068490000005,101233.33902368795,163538.74370644032
2021-07-24,2021-07-05,3,28158.328198802737,86298.07298053647,174288.77834853367
2021-07-24,2021-07-11,2,102381.56017,164594.0,219927.253118235
2021-07-24,2021-07-12,2,60042.0,131886.57889993428,238605.0
2021-07-24,2021-07-18,1,169751.75614350825,259021.4266908762,398347.8968920434
2021-07-24,2021-07-19,1,108626.45,238019.0,353220.0
2021-07-31,2021-07-04,4,58644.264595,108729.17948755427,185220.9392855215
2021-07-31,2021-07-05,4,21232.329865502987,88138.72317545474,177125.0
2021-07-31,2021-07-11,3,100924.32909057545,184658.4744748095,281121.7222259467
2021-07-31,2021-07-12,3,63452.0,144726.0,281122.0
2021-07-31,2021-07-18,2,220920.010405,368749.5642464591,533826.819785
2021-07-31,2021-07-19,2,125105.0,275357.5304189386,493775.0
2021-07-31,2021-07-22,1,362531.87,387174.2,420526.88000000006
2021-07-31,2021-07-25,1,328836.1563896701,443651.0,592267.784566273
2021-07-31,2021-07-26,1,217277.5615,433645.75,597145.8263565544
2021-08-07,2021-07-11,4,105434.60465162786,226403.4033000368,371420.9841810324
2021-08-07,2021-07-12,4,49541.025,137658.0,382752.0
2021-08-07,2021-07-18,3,262499.3787,507815.440525,765026.50235
2021-08-07,2021-07-19,3,108508.3,259034.318511407,570729.0
2021-08-07,2021-07-22,2,492481.29999999993,552357.8,658622.9
2021-08-07,2021-07-25,2,398776.16117,637490.3873460529,824476.0
2021-08-07,2021-07-26,2,216373.162109375,499432.9779125324,838332.5
2021-08-07,2021-08-01,1,475529.31870925473,654608.419197374,797315.8087477656
2021-08-07,2021-08-02,1,364388.211,636303.9068859313,892500.8616849104
2021-08-14,2021-07-18,4,305548.632145,693965.0435649999,1134301.954985
2021-08-14,2021-07-19,4,90184.875,306909.0,802634.0
2021-08-14,2021-07-22,3,649555.3,758916.3,1016074.3
2021-08-14,2021-07-25,3,432815.9270276744,656697.5,1014642.0
2021-08-14,2021-07-26,3,192702.487,561487.0593734127,910720.0
2021-08-14,2021-08-01,2,580666.7581360955,818732.844392624,1159378.8759604797
2021-08-14,2021-08-02,2,358576.5,775259.0,1222436.0
2021-08-14,2021-08-08,1,695025.7854902155,914253.8640045305,1240406.4166438263
2021-08-14,2021-08-09,1,468859.0037996574,837824.4668913695,1180618.0
2021-08-21,2021-07-22,4,840431.0,1015077.0,1563667.0
2021-08-21,2021-07-25,4,466628.6490375021,684588.5,1217527.0320445215
2021-08-21,2021-07-26,4,156714.3375,574483.2654396007,1233824.0
2021-08-21,2021-08-01,3,699730.0459390699,1108335.078437245,1588548.426333817
2021-08-21,2021-08-02,3,395785.0,974019.0,1451485.0
2021-08-21,2021-08-08,2,841758.9026373439,1088444.4048560401,1720081.9143347614
2021-08-21,2021-08-09,2,472701.11568810535,1011334.467788744,1646213.0
2021-08-21,2021-08-15,1,933544.0,1016963.04120878,1260110.18662037
2021-08-21,2021-08-16,1,526612.346,1002437.7961261472,1367737.291348
2021-08-28,2021-08-01,4,793365.83874809,1415029.49463255,2272536.33098251
2021-08-28,2021-08-02,4,346497.0,1043501.0,1775539.0
2021-08-28,2021-08-08,3,838277.82685,1464533.73146545,2446180.1485011657
2021-08-28,2021-08-09,3,517864.82206284103,1229348.5348996655,2186766.391849736
2021-08-28,2021-08-15,2,965847.0,1175037.0571218976,1731832.4946875486
2021-08-28,2021-08-16,2,638789.0878719199,1182893.0,1837115.173120079
2021-08-28,2021-08-22,1,957557.0614471296,1104118.017867315,1303886.9943487952
2021-08-28,2021-08-23,1,622700.6460777881,1100845.0,1406325.0
2021-09-04,2021-08-08,4,776986.91714,1947779.06895034,3512509.319004098
2021-09-04,2021-08-09,4,529177.4533216918,1281902.8297193502,2343086.6625
2021-09-04,2021-08-15,3,1003137.328777538,1347721.603921677,2091684.0579969124
2021-09-04,2021-08-16,3,580264.5185214572,1318664.0,2035819.0
2021-09-04,2021-08-22,2,960197.3335287647,1207145.5682178251,1478869.44050328
2021-09-04,2021-08-23,2,742886.2633666149,1197312.0,1762460.2300889129
2021-09-04,2021-08-29,1,911293.773116075,1136806.688283407,1376378.12782082
2021-09-04,2021-08-30,1,653164.2270685924,1117942.3956113085,1577007.395344716
2021-09-11,2021-08-15,4,1077458.8932947314,1460122.292325,2440493.883314395
2021-09-11,2021-08-16,4,535609.355,1372920.0,2251786.0
2021-09-11,2021-08-22,3,962485.080476945,1244608.0,1641282.7880108284
2021-09-11,2021-08-23,3,587376.104928596,1216915.0,2257699.0
2021-09-11,2021-08-29,2,924983.740692849,1145026.535614977,1497890.257948915
2021-09-11,2021-08-30,2,659286.9013792502,1113594.393880205,1733562.1000619489
2021-09-11,2021-09-05,1,992296.3687042068,1171701.861194641,1364955.75
2021-09-11,2021-09-06,1,737502.2714931694,1163838.3938034591,1550197.2277949776
2021-09-18,2021-08-22,4,1018229.5983287878,1300999.014162174,1702785.153746833
2021-09-18,2021-08-23,4,597212.0,1197555.8637646586,2419533.4735719757
2021-09-18,2021-08-29,3,936202.993817542,1193564.1678592777,1548556.765103111
2021-09-18,2021-08-30,3,557280.8124316882,1076652.0960003901,1929271.0539394682
2021-09-18,2021-09-05,2,907640.4989654515,1182974.4746723245,1410606.5408841018
2021-09-18,2021-09-06,2,629145.7040782532,1147705.302,1533617.521357124
2021-09-18,2021-09-12,1,827312.52799,983124.95634,1138937.38468
2021-09-18,2021-09-13,1,493758.59543698013,949688.6549303054,1324058.6406141159
2021-09-25,2021-08-29,4,924659.0994096575,1174646.0,1494186.200720828
2021-09-25,2021-08-30,4,508703.57999999996,1096610.9780000001,1901160.7070289808
2021-09-25,2021-09-05,3,749208.0,1140708.98154,1459381.0
2021-09-25,2021-09-06,3,510107.7399899188,1086811.0141397826,1613335.486480875
2021-09-25,2021-09-12,2,700196.1751795231,918352.08305,1129191.0
2021-09-25,2021-09-13,2,451875.5035487655,894098.6510983708,1363833.1448749998
2021-09-25,2021-09-19,1,829768.0203757748,973548.997304305,1071593.3
2021-09-25,2021-09-20,1,614244.5863594048,957124.3856736146,1284813.4679271814
2021-10-02,2021-09-05,4,580255.0,1060560.4189456,1350648.0
2021-10-02,2021-09-06,4,383454.0711325992,983990.9309775396,1730487.6875
2021-10-02,2021-09-12,3,689428.1339567876,862082.2529150001,1109445.418801436
2021-10-02,2021-09-13,3,358399.0,780515.442645704,1545967.2833728257
2021-10-02,2021-09-19,2,735004.9918975146,936006.940443908,1074513.636684558
2021-10-02,2021-09-20,2,517275.4602281172,884800.5084305964,1310910.5
2021-10-02,2021-09-26,1,626101.0,768866.5,973404.0
2021-10-02,2021-09-27,1,488755.2058930632,773632.8447842745,1119169.3440775168
2021-10-09,2021-09-12,4,643112.7225298816,787638.293686571,1046048.0
2021-10-09,2021-09-13,4,229326.1285236954,699888.7507236488,1436640.9706772114
2021-10-09,2021-09-19,3,598663.0061370711,835343.8299799999,1091756.9607254895
2021-10-09,2021-09-20,3,379540.9,844853.905822361,1420334.5871444675
2021-10-09,2021-09-26,2,565284.0,670115.5,954232.0
2021-10-09,2021-09-27,2,281017.9218112007,679339.5892714285,1144504.226
2021-10-09,2021-10-01,1,713163.302430033,759911.718362526,812880.784020538
2021-10-09,2021-10-03,1,551258.5259764106,681489.792688943,907956.5795584226
2021-10-09,2021-10-04,1,476270.7693738852,668799.8213327517,913939.8945597915
2021-10-16,2021-09-19,4,516407.015123366,737437.63805,1110140.4911825154
2021-10-16,2021-09-20,4,345066.7687761504,757851.0,1341616.334506299
2021-10-16,2021-09-26,3,510795.9,615695.0,922880.0
2021-10-16,2021-09-27,3,208732.72059399387,600626.9697618881,1076598.568378948
2021-10-16,2021-10-01,2,672843.060044486,727271.652767319,789697.807919438
2021-10-16,2021-10-03,2,437221.80257913796,603072.4169846056,913785.2774706593
2021-10-16,2021-10-04,2,332841.32,566622.0,905388.9494843208
2021-10-16,2021-10-10,1,489572.0,594613.0,653451.62789
2021-10-16,2021-10-11,1,374246.40552656096,596437.83858213,804074.0
2021-10-23,2021-09-26,4,434674.5,573847.0,847251.0
2021-10-23,2021-09-27,4,174102.8252368045,587006.0,1107837.49314047
2021-10-23,2021-10-01,3,646019.007496492,704573.853537192,771536.081151003
2021-10-23,2021-10-03,3,352902.065940512,548606.1822942529,864487.23971104
2021-10-23,2021-10-04,3,243039.2375,498662.231458051,907308.900663335
2021-10-23,2021-10-10,2,422619.9,532055.67,562061.70764
2021-10-23,2021-10-11,2,283915.2400572364,514700.87,770317.3511401649
2021-10-23,2021-10-17,1,439182.50322,537431.0825878694,664447.8319925778
2021-10-23,2021-10-18,1,312398.7902768031,526529.5195469628,757313.0
2021-10-30,2021-10-01,4,629132.962866284,697607.205757607,770634.726757182
2021-10-30,2021-10-03,4,294180.05606045504,511047.21717589913,783423.7964590329
2021-10-30,2021-10-04,4,117041.44580406614,468492.69,897091.99
2021-10-30,2021-10-10,3,362263.24401321576,470490.053408503,582295.5282539447
2021-10-30,2021-10-11,3,158584.96218681,442824.18,769087.5
2021-10-30,2021-10-17,2,366801.1588902165,482321.3745092205,606380.7351240927
2021-10-30,2021-10-18,2,200424.01964076894,449619.265,690532.0
2021-10-30,2021-10-21,1,495317.055100486,546636.995851545,605745.87578455
2021-10-30,2021-10-24,1,368564.0,450231.5,616254.0
2021-10-30,2021-10-25,1,301316.45262298896,455835.71499999997,626524.47
2021-11-06,2021-10-10,4,318939.83324701537,428676.5706706628,550915.6610662271
2021-11-06,2021-10-11,4,102977.89405670052,385703.7,747142.072325184
2021-11-06,2021-10-17,3,317045.2,440509.7094296194,595830.9989814796
2021-11-06,2021-10-18,3,124052.46718135456,387045.375,684148.9299999999
2021-11-06,2021-10-21,2,474366.344678333,548552.232901019,639326.012230627
2021-11-06,2021-10-24,2,327834.2852616565,391848.08,569807.3998390449
2021-11-06,2021-10-25,2,233820.7922703416,393531.76,613549.9266469842
2021-11-06,2021-10-31,1,408957.19420950394,467263.47951597406,569793.1554276892
2021-11-06,2021-11-01,1,304872.70516237855,467372.27990420413,634138.0
2021-11-13,2021-10-17,4,258927.6,410029.3714443864,605647.48652
2021-11-13,2021-10-18,4,72080.05476599617,360732.85310808185,718445.5
2021-11-13,2021-10-21,3,469534.163877079,559334.149784767,683090.571458504
2021-11-13,2021-10-24,3,238541.75,379063.5436199015,602174.8292971003
2021-11-13,2021-10-25,3,157854.27255666256,349619.77812529355,610719.0033814325
2021-11-13,2021-10-31,2,364045.454715928,446549.7838128507,537566.0004429641
2021-11-13,2021-11-01,2,268735.2694678765,440878.0,696236.0
2021-11-13,2021-11-04,1,455093.423602604,503438.630632675,578428.247290711
2021-11-13,2021-11-07,1,406079.254155,490645.425985,590485.9710375636
2021-11-13,2021-11-08,1,327442.779002361,495850.0,660286.5357281566
2021-11-20,2021-10-21,4,479723.657706962,574817.065882527,718697.481604352
2021-11-20,2021-10-24,4,192824.9,353872.329211471,554531.2226996764
2021-11-20,2021-10-25,4,116100.525,310069.7198434696,612876.9982234348
2021-11-20,2021-10-31,3,320124.7,405040.68790565326,541478.5959966185
2021-11-20,2021-11-01,3,195211.69867020848,408183.0,736858.0
2021-11-20,2021-11-04,2,440619.556203166,506560.944235014,623693.990915637
2021-11-20,2021-11-07,2,363605.41208499996,482315.0914661265,586872.7153149046
2021-11-20,2021-11-08,2,247010.42386120942,469755.28657817276,744613.5803735681
2021-11-20,2021-11-14,1,463750.03685,564371.7000000001,723049.3
2021-11-20,2021-11-15,1,412102.36343960837,573152.7928639826,769510.3049999999
2021-11-27,2021-10-31,4,301117.06349067704,393555.2,524177.26504
2021-11-27,2021-11-01,4,159013.7368305495,402999.0,746904.0
2021-11-27,2021-11-04,3,435087.354219719,517560.03394969,666052.063196643
2021-11-27,2021-11-07,3,331376.8,464594.41147141706,608893.97018
2021-11-27,2021-11-08,3,211706.8788904319,459633.81927963695,763359.5
2021-11-27,2021-11-14,2,432371.94834,583011.7,763890.2105011374
2021-11-27,2021-11-15,2,357194.5154085195,608710.8076900651,877132.0
2021-11-27,2021-11-19,1,607865.40911416,655806.695506194,753972.346735663
2021-11-27,2021-11-21,1,509563.0,687800.7096631945,796156.5
2021-11-27,2021-11-22,1,444990.697630332,669127.0,867965.0
2021-12-04,2021-11-04,4,446491.89905859,536839.269806693,695611.602324795
2021-12-04,2021-11-07,4,293684.7,464369.817193376,676361.29804
2021-12-04,2021-11-08,4,181407.03445480956,426769.2939291124,842522.800177772
2021-12-04,2021-11-14,3,410782.58972499997,611437.2031650001,871234.66661
2021-12-04,2021-11-15,3,344817.992822322,621935.875,1079042.4579037328
2021-12-04,2021-11-19,2,626859.47503731,692155.098372429,846450.42118831
2021-12-04,2021-11-21,2,536781.8213080158,767767.0,869131.6
2021-12-04,2021-11-22,2,430211.3938573,705409.0977924676,1006518.8994581176
2021-12-04,2021-11-28,1,446796.71642638755,606712.4979368409,707104.2243441246
2021-12-04,2021-11-29,1,379576.0,533608.0,744959.0
2021-12-11,2021-11-14,4,362007.3948,660192.48109,1062385.95
2021-12-11,2021-11-15,4,251244.37812142313,613305.0,1104007.0
2021-12-11,2021-11-19,3,629858.921137211,710552.644051233,906811.905039135
2021-12-11,2021-11-21,3,492173.2267068846,801794.548717131,1091186.5359684762
2021-12-11,2021-11-22,3,193345.21875,615094.97610067,1150404.7966422134
2021-12-11,2021-11-28,2,420586.70644800167,623105.6628684674,760135.15
2021-12-11,2021-11-29,2,279344.5,505538.0,912515.8721671196
2021-12-11,2021-12-05,1,683942.07924,737996.0,914300.5
2021-12-11,2021-12-06,1,604103.0,790697.0,1118084.13303354
2021-12-18,2021-11-19,4,621260.997232463,708408.1969549,932645.401088393
2021-12-18,2021-11-21,4,449386.812365,831219.75,1215336.7226796767
2021-12-18,2021-11-22,4,314016.7590659424,713423.3830302565,1327260.0
2021-12-18,2021-11-28,3,453234.2601886704,687589.5,815312.0
2021-12-18,2021-11-29,3,217756.82794109013,471271.0,975403.1873157588
2021-12-18,2021-12-05,2,635906.0,761390.0,926648.1
2021-12-18,2021-12-06,2,514354.2386793549,840776.0567786425,1112075.0434486466
2021-12-18,2021-12-12,1,672416.0690717846,918715.4474035769,1171702.1189435162
2021-12-18,2021-12-13,1,604804.0,878470.0,1100165.0
2021-12-25,2021-11-28,4,467720.54094249546,639586.5,875979.0215239334
2021-12-25,2021-11-29,4,160728.90639217812,464855.1229913885,1161927.9141024814
2021-12-25,2021-12-05,3,594297.429684211,780081.5,938372.0
2021-12-25,2021-12-06,3,442923.0,899128.5558492914,1286593.375
2021-12-25,2021-12-12,2,771605.8862185642,1042094.4742805968,1385427.250276163
2021-12-25,2021-12-13,2,597364.2713639508,973875.1627072766,1299481.885938887
2021-12-25,2021-12-19,1,721589.0,961730.0,1242367.7013807164
2021-12-25,2021-12-20,1,707091.0,897214.03125,1159210.0
2022-01-01,2021-12-05,4,520918.75834,767408.0,1060621.0
2022-01-01,2021-12-06,4,340864.740568809,772437.1123138795,1356431.1640864634
2022-01-01,2021-12-12,3,721792.85613,1190559.7052724832,1580942.0
2022-01-01,2021-12-13,3,576358.507840527,1057395.461432639,1521395.0
2022-01-01,2021-12-19,2,695254.0071240971,1002258.59377,1286918.230736096
2022-01-01,2021-12-20,2,640431.0,919491.0,1238371.5559891108
2022-01-01,2021-12-22,1,995508.711353066,1318210.17880182,2026062.45971028
2022-01-01,2021-12-26,1,1147405.04085,1468315.33614,1789225.63144
2022-01-01,2021-12-27,1,1097915.0,1476539.8501966165,2099256.73311237
2022-01-08,2021-12-12,4,554452.08635,1243670.8756917242,1694059.738295697
2022-01-08,2021-12-13,4,490354.1836831584,926374.0,1564783.0
2022-01-08,2021-12-19,3,655599.90932,1168059.492259547,2100578.4860411272
2022-01-08,2021-12-20,3,601043.9844538936,911833.0,1354926.0
2022-01-08,2021-12-22,2,1040521.8048921,1535984.46621529,2618314.90203932
2022-01-08,2021-12-26,2,1183679.85143,1790323.57539959,2211013.19642
2022-01-08,2021-12-27,2,1058814.5809381604,1481401.75,2232668.20894436
2022-01-08,2022-01-02,1,2324491.75,3353841.7853296697,4432844.872055
2022-01-08,2022-01-03,1,2543725.501425731,3307658.5,4205903.241706816
2022-01-15,2021-12-19,4,517833.1129,1226839.1017685938,3131208.7900668452
2022-01-15,2021-12-20,4,328664.40740261076,887185.5,1373338.9755278167
2022-01-15,2021-12-22,3,1118802.16786663,1802626.34218074,3454358.48829719
2022-01-15,2021-12-26,3,1261401.024005485,2116735.163457745,3246346.247770815
2022-01-15,2021-12-27,3,1009561.7686154672,1512605.0,2274956.4192791553
2022-01-15,2022-01-02,2,2454710.5,4334646.73507,5646437.54118
2022-01-15,2022-01-03,2,2566693.0791572435,3951973.0,5461169.0
2022-01-15,2022-01-09,1,4275036.0,5698316.0,6452898.0
2022-01-15,2022-01-10,1,4017281.1748625045,5621782.4017623225,8365239.54375
2022-01-22,2021-12-22,4,1254072.25268441,2151175.46114889,4545117.77780123
2022-01-22,2021-12-26,4,1110286.5,2260229.861435,4277765.76401782
2022-01-22,2021-12-27,4,866595.1504281203,1804789.3614349999,2989226.45955
2022-01-22,2022-01-02,3,2027814.0,4384525.67739,6352485.29372
2022-01-22,2022-01-03,3,2294658.723798219,3850637.7138508195,5543888.606755644
2022-01-22,2022-01-09,2,3861970.747395,5685633.999435,8196178.75147
2022-01-22,2022-01-10,2,3518617.0,6244842.098175646,11216189.85
2022-01-22,2022-01-14,1,3775883.24227095,5843600.23841232,8421967.34379493
2022-01-22,2022-01-16,1,4759314.55,6094099.31619275,7377753.75755948
2022-01-22,2022-01-17,1,4016360.53125,5442707.5,7725880.0
2022-01-29,2022-01-02,4,1376059.5,3903518.14466,6645961.85104
2022-01-29,2022-01-03,4,2015631.4709571549,3279120.3334541125,4542609.19595107
2022-01-29,2022-01-09,3,3009679.0,4950036.511185,8356561.606355
2022-01-29,2022-01-10,3,2026458.9820222673,5418807.861057988,9337793.26509371
2022-01-29,2022-01-14,2,2402422.15916179,4761339.07189645,8385149.72391243
2022-01-29,2022-01-16,2,4283280.55,5622359.0,7980777.25743027
2022-01-29,2022-01-17,2,3420609.5887458143,4431534.0,8137929.0
2022-01-29,2022-01-19,1,5145661.0,5729256.0,6312850.0
2022-01-29,2022-01-20,1,4560469.0,4967944.0,5375418.0
2022-01-29,2022-01-21,1,3617411.0,3871543.0,4125674.0
2022-01-29,2022-01-22,1,4791850.0,5060840.0,5329829.0
2022-01-29,2022-01-23,1,3992180.0,4590629.0,6500178.5
2022-01-29,2022-01-24,1,2713912.64035666,4334601.81740304,6636201.0
2022-02-05,2022-01-09,4,2402653.5,4119791.0,7101693.295635
2022-02-05,2022-01-10,4,1285841.858028829,4338270.061064357,9817321.859034508
2022-02-05,2022-01-14,3,1454810.62640722,3333192.62426388,6505426.17307126
2022-02-05,2022-01-16,3,3817252.4,4596379.25,7260782.35
2022-02-05,2022-01-17,3,1965963.0,3547768.0,8303068.0
2022-02-05,2022-01-19,2,3273045.0,5081423.0,6889800.0
2022-02-05,2022-01-20,2,3018605.0,4398371.0,5778136.0
2022-02-05,2022-01-21,2,2121395.0,2952623.0,3783850.0
2022-02-05,2022-01-22,2,3632719.0,4838575.0,6044430.0
2022-02-05,2022-01-23,2,3179388.0,4002670.0,5739504.845099764
2022-02-05,2022-01-24,2,2042575.7058683792,4052086.1115704495,7204555.913110189
2022-02-05,2022-01-25,1,2997508.0,6163748.0,9329987.0
2022-02-05,2022-01-26,1,1079260.0,1915541.0,2751821.0
2022-02-05,2022-01-27,1,1449616.0,2275552.0,3101487.0
2022-02-05,2022-01-28,1,1725912.0,2559835.0,3393757.0
2022-02-05,2022-01-29,1,1420658.0,2049609.0,2612556.0
2022-02-05,2022-01-30,1,2351880.016416121,3069052.0,4047383.0
2022-02-05,2022-01-31,1,1644403.71872643,3122310.251351068,5036543.219156588
2022-02-12,2022-01-14,4,888841.416512639,2164240.82138438,4242493.52125923
2022-02-12,2022-01-16,4,3004817.85,3608641.0,5536263.65
2022-02-12,2022-01-17,4,824661.56,2732450.611760216,6873794.817965747
2022-02-12,2022-01-19,3,1520965.0,4000607.0,6480248.0
2022-02-12,2022-01-20,3,1357001.0,3486457.0,5615912.0
2022-02-12,2022-01-21,3,853274.0,2138891.0,3424507.0
2022-02-12,2022-01-22,3,1929525.0,4440538.0,6951550.0
2022-02-12,2022-01-23,3,2431728.8,3589922.5,4857918.0
2022-02-12,2022-01-24,3,1017074.5,3426802.4718693784,6365105.576555419
2022-02-12,2022-01-25,2,262534.0,5250696.0,10238857.0
2022-02-12,2022-01-26,2,40836.0,816725.0,1592613.0
2022-02-12,2022-01-27,2,157639.0,1082865.0,2008090.0
2022-02-12,2022-01-28,2,298033.0,1398650.0,2499266.0
2022-02-12,2022-01-29,2,359343.0,790806.0,1704813.0
2022-02-12,2022-01-30,2,1818598.0,2472552.0,3517305.5
2022-02-12,2022-01-31,2,1049516.5,2606196.0,5371072.595435972
2022-02-12,2022-02-02,1,651829.0,984285.0,1522287.0
2022-02-12,2022-02-03,1,351913.0,531512.0,756750.0
2022-02-12,2022-02-04,1,461940.0,690354.0,910687.0
2022-02-12,2022-02-05,1,438702.0,634323.0,801187.0
2022-02-12,2022-02-06,1,1006379.960775,1381823.274302175,1979445.41954627
2022-02-12,2022-02-07,1,719087.1049385116,1491927.72709852,2431895.0
2022-02-19,2022-01-19,4,320245.0,2940267.0,5560288.0
2022-02-19,2022-01-20,4,352211.0,2695998.0,5039784.0
2022-02-19,2022-01-21,4,213514.0,1472468.0,2731421.0
2022-02-19,2022-01-22,4,590441.0,3717962.0,6845482.0
2022-02-19,2022-01-23,4,1789965.9688434787,2919805.91717687,3870883.0
2022-02-19,2022-01-24,4,638385.7121441775,2702624.7381141875,6697744.697433516
2022-02-19,2022-01-25,3,146920.0,2938401.0,5729881.0
2022-02-19,2022-01-26,3,15729.0,314596.0,613462.0
2022-02-19,2022-01-27,3,21253.0,425074.0,828894.0
2022-02-19,2022-01-28,3,30594.0,611881.0,1193167.0
2022-02-19,2022-01-29,3,64368.0,209211.0,728998.0
2022-02-19,2022-01-30,3,1492584.79373697,2240840.0,2766621.0
2022-02-19,2022-01-31,3,391716.50561201765,2393185.491456384,5622211.983528828
2022-02-19,2022-02-02,2,90262.0,284258.0,816194.0
2022-02-19,2022-02-03,2,21946.0,65970.0,171015.0
2022-02-19,2022-02-04,2,45856.0,113933.0,271994.0
2022-02-19,2022-02-05,2,36411.0,79058.0,170324.0
2022-02-19,2022-02-06,2,760761.5,962091.765109911,1557516.0
2022-02-19,2022-02-07,2,236359.03375354927,949642.0,2137809.767522486
2022-02-19,2022-02-09,1,93929.0,139789.0,217067.0
2022-02-19,2022-02-10,1,188609.0,281770.0,405378.0
2022-02-19,2022-02-11,1,240940.0,355304.0,475017.0
2022-02-19,2022-02-13,1,657815.171168358,926479.0,1331519.169
2022-02-19,2022-02-14,1,295967.3712650704,856483.1495934464,1520310.5
2022-02-26,2022-01-25,4,54591.0,1091823.0,2129054.0
2022-02-26,2022-01-26,4,5392.0,107847.0,210301.0
2022-02-26,2022-01-27,4,6746.0,134939.0,263131.0
2022-02-26,2022-01-28,4,10504.0,210094.0,409683.0
2022-02-26,2022-01-29,4,8970.0,43268.0,231514.0
2022-02-26,2022-01-30,4,973283.031252765,1590711.0,1991083.28987
2022-02-26,2022-01-31,4,216983.79544031637,1719523.4043792244,4545689.069723421
2022-02-26,2022-02-02,3,13937.0,57508.0,249022.0
2022-02-26,2022-02-03,3,2048.0,7988.0,32794.0
2022-02-26,2022-02-04,3,4109.0,15406.0,58340.0
2022-02-26,2022-02-05,3,2127.0,7348.0,25522.0
2022-02-26,2022-02-06,3,391939.5,737353.275358087,1267438.0
2022-02-26,2022-02-07,3,0.10000000000000007,455085.16774857,2041098.5733056944
2022-02-26,2022-02-09,2,2250.0,7083.0,20374.0
2022-02-26,2022-02-10,2,11251.0,32950.0,87751.0
2022-02-26,2022-02-11,2,21178.0,52050.0,125677.0
2022-02-26,2022-02-13,2,466550.512187785,633806.6963500001,905341.1454539315
2022-02-26,2022-02-14,2,7.846601761284756,502624.3060335079,1152979.8907309177
2022-02-26,2022-02-15,1,25165.0,41323.0,69880.0
2022-02-26,2022-02-16,1,69641.0,102966.0,160594.0
2022-02-26,2022-02-17,1,149762.0,220375.0,319403.0
2022-02-26,2022-02-18,1,306002.6142695535,397652.572021172,518957.6153559925
2022-02-26,2022-02-20,1,301958.0,497850.2892554124,725200.4743212283
2022-02-26,2022-02-21,1,238853.902335567,502020.0,831556.8882354511
2022-03-05,2022-02-02,4,2231.0,13613.0,95144.0
2022-03-05,2022-02-03,4,280.0,1691.0,11358.0
2022-03-05,2022-02-04,4,585.0,3301.0,20038.0
2022-03-05,2022-02-05,4,273.0,1444.0,8050.0
2022-03-05,2022-02-06,4,196735.0,541065.5814783088,970993.0
2022-03-05,2022-02-07,4,1.2054190719214,656114.0,2378406.255991669
2022-03-05,2022-02-09,3,212.0,864.0,3798.0
2022-03-05,2022-02-10,3,1330.0,5120.0,21304.0
2022-03-05,2022-02-11,3,2191.0,8132.0,31116.0
2022-03-05,2022-02-13,3,285793.131102197,490934.5236199065,803757.0583131604
2022-03-05,2022-02-14,3,0.10000000000000007,283462.1305807961,1151752.6186169314
2022-03-05,2022-02-15,2,199.0,614.0,1934.0
2022-03-05,2022-02-16,2,2871.0,8728.0,26248.0
2022-03-05,2022-02-17,2,14501.0,41765.0,109534.0
2022-03-05,2022-02-18,2,169201.008952777,245123.2178171535,361498.2792400365
2022-03-05,2022-02-20,2,209472.16599741497,365729.40275060595,509123.865475488
2022-03-05,2022-02-21,2,81591.226953125,402987.85,949998.6803408652
2022-03-05,2022-02-27,1,285988.5120530216,370805.41951568273,511356.1187572935
2022-03-05,2022-02-28,1,184914.34411474384,379487.0,733850.0
2022-03-12,2022-02-09,4,46.0,282.0,1972.0
2022-03-12,2022-02-10,4,268.0,1611.0,10842.0
2022-03-12,2022-02-11,4,438.0,2464.0,14994.0
2022-03-12,2022-02-13,4,180026.102860771,409472.807467353,842958.0667740355
2022-03-12,2022-02-14,4,0.10000000000000007,221776.23160916,1250095.1278088302
2022-03-12,2022-02-15,3,31.0,122.0,580.0
2022-03-12,2022-02-16,3,481.0,1838.0,8348.0
2022-03-12,2022-02-17,3,3077.0,11292.0,47594.0
2022-03-12,2022-02-18,3,110455.027327554,180896.6981800305,300303.420528553
2022-03-12,2022-02-20,3,158745.41095277647,257508.74680779187,405464.83453107806
2022-03-12,2022-02-21,3,4926.741376641452,281075.5124695949,1105002.5033200337
2022-03-12,2022-02-27,2,191237.76438709724,269119.09158952686,434400.7641708625
2022-03-12,2022-02-28,2,54100.12062314158,249810.73231742988,595498.7297629993
2022-03-12,2022-03-02,1,130191.0,202861.0,271175.0
2022-03-12,2022-03-06,1,154598.3958452585,252084.20403999998,391642.384677215
2022-03-12,2022-03-07,1,101987.56389365782,250782.13879187,420221.35396309657
2022-03-19,2022-02-15,4,7.0,44.0,350.0
2022-03-19,2022-02-16,4,120.0,697.0,5012.0
2022-03-19,2022-02-17,4,789.0,4460.0,30152.0
2022-03-19,2022-02-18,4,76466.2542346405,140256.5242598645,255244.406741497
2022-03-19,2022-02-20,4,105868.4414432015,193701.6380058147,356479.70322846255
2022-03-19,2022-02-21,4,1321.3082911202448,162605.76367933274,1016203.8525336944
2022-03-19,2022-02-27,3,136992.4510869481,205643.0,442285.63443
2022-03-19,2022-02-28,3,0.23688605111777955,164770.49198166755,579410.2587407501
2022-03-19,2022-03-02,2,34559.0,154690.0,246218.0
2022-03-19,2022-03-06,2,134399.0,212947.5,477377.0
2022-03-19,2022-03-07,2,44679.54406434172,177808.34451863202,402950.9288263877
2022-03-19,2022-03-09,1,56603.0,87957.0,113557.0
2022-03-19,2022-03-11,1,98785.0,144149.0,187737.0
2022-03-19,2022-03-12,1,107482.0,156295.0,193061.0
2022-03-19,2022-03-13,1,124001.252655888,202711.660169057,350901.0
2022-03-19,2022-03-14,1,83348.08358942905,191660.7366330683,351776.9743861738
2022-03-26,2022-02-27,4,84042.83183,188561.0,481059.12572
2022-03-26,2022-02-28,4,0.09054003208776032,120839.40990890235,881059.505
2022-03-26,2022-03-02,3,15768.0,160074.0,203870.0
2022-03-26,2022-03-06,3,91224.5,182774.91863,592348.661444547
2022-03-26,2022-03-07,3,24799.0,133980.5249365417,607488.2320312499
2022-03-26,2022-03-09,2,10121.0,45140.0,64525.0
2022-03-26,2022-03-11,2,29588.0,98592.0,138331.0
2022-03-26,2022-03-12,2,37663.0,105858.0,150921.0
2022-03-26,2022-03-13,2,115357.9886018705,185902.339045387,350011.730110397
2022-03-26,2022-03-14,2,49522.0,153684.0,341135.0
2022-04-02,2022-03-02,4,11863.0,179928.0,187936.0
2022-04-02,2022-03-06,4,50852.5,169930.30439,677605.380088993
2022-04-02,2022-03-07,4,13726.7265625,117571.0,686155.75
2022-04-02,2022-03-09,3,3891.0,39420.0,50362.0
2022-04-02,2022-03-11,3,12120.0,90018.0,123114.0
2022-04-02,2022-03-12,3,15650.0,91713.0,131590.0
2022-04-02,2022-03-13,3,91332.4778140178,185581.8334670045,473069.52003936796
2022-04-02,2022-03-14,3,31524.0,112644.52,376490.7
2022-04-09,2022-03-09,4,2842.0,43168.0,45098.0
2022-04-09,2022-03-11,4,8557.0,89946.0,109798.0
2022-04-09,2022-03-12,4,10798.0,96157.0,115900.0
2022-04-09,2022-03-13,4,64182.817355,206386.2272606185,635176.8409760974
2022-04-09,2022-03-14,4,16238.0,113058.391274858,472269.0
